Date,Region,Temperature,Humidity,AirQualityIndex
2022-01-26,New York,90,43,84
2020-09-17,Texas,85,62,54
2021-03-03,California,65,50,30
2020-09-19,California,65,61,56
2021-04-03,California,45,53,16
2022-03-30,Texas,97,75,34
2022-04-13,Florida,67,78,50
2021-03-12,California,67,68,65
2020-06-28,New York,34,73,15
2021-05-04,California,72,76,20
2022-06-18,New York,35,34,48
2020-09-12,Florida,53,60,45
2020-12-16,New York,37,67,42
2021-11-04,Florida,33,24,94
2020-07-12,Texas,52,69,54
2022-07-10,New York,33,21,96
2021-03-17,Texas,61,53,78
2022-08-04,Florida,62,62,66
2021-05-21,New York,76,49,14
2021-09-07,California,35,20,82
2022-07-09,Texas,64,40,77
2022-02-05,California,79,29,21
2020-05-03,Florida,64,28,11
2021-08-24,Florida,75,21,49
2020-01-04,Florida,91,68,97
2020-07-12,Texas,54,52,66
2020-09-24,New York,34,71,73
2022-01-30,New York,87,40,35
2020-06-25,New York,30,58,72
2021-12-08,New York,87,39,35
2022-09-04,California,57,40,94
2020-10-29,Texas,45,64,14
2020-10-21,California,43,60,71
2021-06-19,California,82,22,57
2021-04-19,New York,98,27,55
2022-06-15,California,73,38,51
2021-07-12,Florida,72,39,47
2020-12-04,California,75,69,89
2021-01-06,Texas,37,39,85
2022-09-04,California,82,74,20
2021-12-20,New York,91,71,25
2021-09-16,New York,97,22,14
2022-01-10,Texas,76,74,15
2020-12-13,Texas,38,48,83
2022-08-14,California,71,25,90
2020-12-17,California,86,67,58
2020-03-21,New York,49,68,80
2022-08-09,Florida,92,42,64
2022-04-10,California,83,35,33
2021-07-30,Florida,95,20,15
2021-12-03,New York,95,43,87
2022-01-05,California,84,41,49
2021-08-17,Florida,51,63,80
2022-07-12,New York,89,55,60
2022-01-14,California,90,35,36
2021-11-18,New York,58,20,51
2020-11-29,Texas,45,63,61
2021-12-10,New York,90,78,86
2022-01-26,Texas,30,69,34
2021-11-22,New York,70,65,13
2020-11-29,California,52,41,62
2020-06-30,New York,67,74,29
2020-01-10,California,90,28,65
2020-10-22,Florida,54,76,91
2021-03-21,New York,37,21,21
2021-12-22,New York,83,55,85
2020-01-20,California,45,71,79
2021-10-03,Texas,98,36,79
2022-08-17,Florida,60,62,21
2020-12-30,New York,89,60,10
2020-02-19,Florida,57,28,74
2021-07-20,New York,90,56,56
2022-06-03,Texas,79,26,62
2022-06-18,New York,90,38,73
2020-10-26,California,57,31,79
2020-03-25,California,65,72,66
2020-03-14,New York,66,49,54
2020-02-06,Texas,67,64,60
2021-03-29,Florida,89,28,25
2021-11-03,Texas,84,53,58
2020-12-28,California,46,35,81
2022-01-16,Florida,82,77,92
2020-03-14,New York,58,72,87
2020-05-17,California,81,51,78
2021-05-17,New York,95,43,74
2021-02-23,Florida,62,67,28
2020-03-02,Florida,97,36,69
2020-07-06,Florida,93,49,97
2021-04-10,New York,31,58,13
2022-01-07,Florida,94,22,16
2021-08-13,Florida,44,42,98
2021-01-23,California,40,35,62
2021-07-21,California,58,51,62
2021-10-13,New York,40,52,71
2021-06-10,Florida,35,53,20
2020-12-09,California,58,65,70
2022-08-23,New York,52,25,68
2022-06-11,New York,85,26,34
2020-09-04,California,65,33,24
2022-05-07,California,90,35,21
2021-05-01,Texas,87,37,49
2021-06-06,New York,64,76,15
2022-03-14,Florida,31,47,52
2021-04-28,New York,42,37,56
2021-05-08,Florida,57,32,60
2021-12-26,Florida,59,76,90
2021-01-08,Texas,61,52,52
2021-01-15,California,54,42,43
2022-05-30,California,42,37,30
2022-08-11,New York,83,64,80
2022-01-31,Texas,52,59,52
2022-05-05,New York,73,61,55
2020-05-25,New York,30,58,53
2020-08-25,California,35,31,68
2021-07-24,Texas,75,41,24
2021-04-20,California,72,77,41
2020-10-28,New York,65,59,15
2021-08-06,New York,68,53,53
2020-10-30,California,94,34,68
2021-11-25,California,82,76,39
2022-03-30,California,94,71,71
2020-10-26,Texas,85,77,87
2020-12-15,California,91,39,13
2021-10-02,California,41,28,62
2022-03-22,New York,49,46,49
2022-09-07,California,69,33,54
2021-08-05,Texas,82,26,85
2022-03-27,Florida,42,22,16
2021-08-20,Florida,90,65,32
2021-10-30,New York,39,37,61
2020-05-30,Florida,98,46,61
2021-01-31,Texas,99,69,10
2021-05-21,California,39,35,37
2020-12-07,California,44,72,63
2022-01-03,Texas,32,70,13
2020-01-02,California,39,21,10
2020-07-04,New York,80,30,79
2022-07-07,New York,85,63,70
2020-10-10,Texas,95,53,19
2022-09-06,Texas,38,30,54
2021-04-11,California,87,39,86
2022-05-17,Texas,56,38,21
2022-02-11,California,54,47,27
2021-04-08,California,95,54,85
2020-05-13,New York,61,24,71
2022-04-14,Florida,96,38,99
2020-01-11,Florida,33,20,62
2021-06-22,Florida,53,66,91
2022-02-28,California,86,37,35
2020-12-11,California,60,29,32
2022-05-28,California,69,71,90
2020-03-06,Texas,59,37,82
2021-06-01,California,44,70,95
2021-11-29,Texas,62,79,62
2021-09-06,New York,88,33,11
2021-07-17,New York,86,21,25
2022-08-28,Texas,79,52,78
2022-08-18,New York,85,34,44
2020-06-01,California,51,56,46
2021-03-30,Florida,72,23,72
2020-01-26,California,95,36,36
2021-01-08,California,43,75,64
2021-05-28,Florida,78,79,12
2020-06-23,Florida,65,45,90
2021-04-17,Texas,76,57,24
2021-08-14,Texas,56,25,87
2021-06-10,New York,36,42,26
2021-05-27,California,77,74,27
2020-02-27,New York,93,61,95
2021-12-28,New York,97,27,42
2021-08-04,New York,63,21,32
2020-10-01,Florida,50,55,34
2020-05-05,Florida,66,74,93
2020-05-22,Florida,91,74,90
2022-04-29,California,54,65,17
2022-05-18,Texas,97,28,26
2022-02-08,Texas,45,37,80
2021-03-17,New York,48,28,14
2021-03-22,Florida,41,72,94
2021-02-20,New York,84,32,38
2021-04-05,Texas,93,20,73
2022-06-26,Florida,94,43,30
2020-11-04,Texas,32,25,53
2021-12-10,Texas,98,28,94
2021-06-14,Florida,89,51,47
2022-06-29,California,53,33,91
2020-10-01,Texas,73,78,87
2020-01-02,California,57,24,10
2022-05-28,New York,87,39,30
2021-11-10,California,53,28,59
2021-12-11,New York,52,57,29
2022-02-13,Texas,57,29,81
2021-09-22,New York,65,30,25
2020-03-18,Florida,71,60,28
2020-10-26,Texas,48,60,92
2021-11-10,Texas,67,28,91
2021-05-01,Texas,53,26,68
2020-05-29,New York,90,64,10
2020-04-18,Texas,53,23,81
2021-08-06,Texas,41,34,94
2022-03-01,Texas,89,44,78
2021-02-04,Texas,33,21,77
2020-01-22,Florida,43,26,86
2021-03-24,Florida,40,28,50
2021-11-12,New York,61,35,30
2020-03-28,Florida,65,29,45
2022-07-10,Florida,80,21,61
2022-05-22,Florida,77,23,82
2020-06-02,Texas,94,49,66
2021-09-26,California,57,50,56
2022-03-25,Texas,76,38,15
2022-07-31,Texas,49,67,46
2022-01-13,Texas,57,27,57
2020-09-08,Florida,43,65,42
2021-03-09,New York,63,79,57
2020-03-10,Texas,85,42,46
2020-08-28,Florida,90,51,45
2021-09-11,New York,82,66,83
2022-06-30,Florida,71,29,46
2021-08-19,California,71,53,37
2020-12-20,Texas,32,44,49
2022-03-05,Florida,66,45,63
2021-11-11,California,63,59,22
2021-12-30,Florida,61,38,60
2021-07-15,Florida,48,64,42
2021-10-09,Texas,52,73,51
2021-07-14,California,80,67,49
2021-12-05,Florida,77,33,54
2020-05-05,New York,49,53,73
2020-12-15,Florida,81,50,46
2021-05-07,Florida,45,35,35
2020-10-12,Florida,68,73,84
2021-03-17,Florida,80,26,49
2021-12-10,New York,34,36,46
2020-02-19,Texas,50,50,12
2022-05-01,California,85,40,54
2021-11-01,Florida,92,39,95
2022-06-13,Florida,43,71,49
2021-04-27,Texas,56,60,10
2022-01-01,California,39,31,11
2022-01-30,Texas,69,58,64
2020-05-08,Texas,45,40,65
2021-01-28,Texas,63,60,71
2020-05-07,Florida,47,43,40
2022-06-06,Florida,96,43,75
2022-07-08,Texas,67,73,98
2021-03-29,California,82,43,29
2020-05-03,Texas,73,61,26
2022-02-01,Florida,30,35,25
2022-05-04,New York,95,20,12
2021-09-11,Texas,60,54,58
2022-02-19,California,52,26,81
2020-05-27,Texas,74,60,37
2021-01-21,Florida,48,45,31
2021-04-28,New York,64,79,47
2021-06-12,Texas,91,41,46
2020-07-02,Texas,43,55,56
2022-05-29,Texas,80,65,20
2022-06-03,California,35,62,68
2020-07-08,Florida,50,25,53
2020-08-24,New York,46,34,41
2022-09-06,Texas,84,77,42
2021-04-09,New York,38,27,11
2020-06-16,Texas,38,26,29
2022-04-04,New York,84,33,98
2020-10-09,New York,66,79,94
2021-01-16,Florida,96,22,51
2021-06-08,Texas,87,22,16
2020-05-11,Texas,68,40,79
2020-09-11,New York,41,79,44
2020-08-25,Texas,79,51,96
2020-10-09,New York,97,43,34
2022-05-12,California,59,69,77
2020-04-14,Florida,42,25,92
2020-01-21,California,41,75,57
2020-02-11,Texas,77,66,63
2020-10-28,Texas,98,29,96
2020-12-25,California,64,24,12
2022-07-04,California,97,37,85
2021-06-24,Florida,38,28,80
2020-06-16,Texas,59,68,42
2022-09-11,Texas,31,27,54
2020-03-18,California,39,22,76
2020-04-09,New York,69,22,39
2021-04-29,California,39,73,50
2022-06-17,Florida,89,46,17
2021-05-14,Texas,39,55,99
2020-09-11,California,66,44,66
2020-06-20,California,85,56,91
2020-10-28,Florida,89,62,35
2021-06-24,Florida,86,48,61
2021-04-22,Texas,66,72,45
2022-09-21,Florida,33,38,65
2021-12-11,New York,54,58,62
2022-03-03,Texas,39,50,60
2020-01-15,Florida,88,67,50
2022-02-20,California,88,74,91
2020-08-29,Florida,74,36,68
2021-07-19,New York,72,52,68
2022-05-07,New York,68,74,11
2020-07-29,Florida,70,46,86
2021-12-18,New York,33,31,47
2021-10-26,New York,63,60,95
2022-03-14,California,59,57,56
2020-07-11,Texas,87,70,90
2021-07-25,Texas,90,40,31
2022-05-03,New York,34,64,59
2022-07-13,Florida,31,68,67
2021-09-27,New York,98,60,79
2020-02-05,Florida,99,59,66
2021-09-07,Texas,78,64,17
2021-01-11,California,47,32,24
2020-04-20,Texas,30,74,34
2021-01-11,New York,44,53,46
2020-05-29,Texas,78,49,15
2021-06-30,California,74,34,99
2022-05-01,Florida,63,46,76
2022-07-03,California,50,28,83
2020-01-14,Texas,93,26,23
2022-04-12,Texas,80,66,39
2021-08-25,California,71,27,22
2022-03-11,California,30,50,19
2020-12-28,Florida,39,53,27
2022-05-04,New York,66,58,82
2020-09-03,Florida,62,70,71
2022-03-02,Florida,31,46,26
2022-01-10,California,76,45,21
2020-01-12,California,93,43,35
2020-06-03,California,38,74,99
2022-02-24,Florida,87,79,86
2022-07-12,Texas,56,52,85
2020-05-30,Florida,61,72,92
2021-04-30,Florida,46,25,98
2022-03-27,Florida,39,40,23
2020-03-27,California,56,28,61
2021-01-21,California,63,56,38
2021-08-25,California,35,64,14
2022-03-17,Texas,49,36,86
2022-05-07,New York,49,25,11
2021-10-08,California,43,29,76
2020-09-22,California,55,40,56
2021-04-20,Texas,41,49,84
2021-02-15,Texas,56,77,53
2021-01-16,Texas,84,57,53
2022-04-07,Texas,69,76,11
2021-09-03,Texas,53,20,68
2021-11-22,Texas,95,45,61
2021-03-10,Florida,38,79,42
2021-03-01,California,88,78,10
2020-09-09,Florida,65,72,88
2022-05-02,Texas,62,59,16
2021-11-01,New York,87,32,81
2021-10-19,Texas,41,77,18
2021-11-05,New York,68,37,94
2020-07-24,New York,50,22,45
2021-04-11,California,85,24,79
2020-07-28,Texas,98,72,37
2021-03-17,New York,51,22,52
2022-01-31,Florida,59,68,38
2022-06-26,Texas,52,50,54
2020-12-01,Texas,80,38,99
2022-08-28,Texas,37,56,42
2020-02-05,New York,72,22,35
2020-12-05,Texas,58,70,43
2021-12-30,New York,64,35,37
2021-05-15,California,58,40,39
2022-07-12,New York,97,50,28
2020-07-04,New York,50,26,68
2020-05-15,New York,39,70,26
2022-01-18,Florida,51,69,60
2020-08-05,California,75,61,85
2020-07-08,Texas,85,76,61
2021-06-03,New York,58,67,45
2022-02-07,Florida,96,46,79
2021-10-02,California,68,26,29
2021-07-14,California,62,39,81
2020-10-09,Texas,83,59,90
2021-07-14,Florida,95,20,41
2022-04-20,New York,36,43,80
2021-03-02,California,40,68,32
2022-04-27,New York,48,59,89
2021-03-31,New York,58,55,34
2021-01-10,California,43,45,69
2021-11-10,California,80,58,33
2022-07-03,Florida,36,70,61
2021-12-23,California,50,79,28
2021-08-10,Florida,75,71,44
2021-02-07,New York,47,20,23
2020-11-14,Florida,58,33,12
2022-05-23,Florida,40,39,65
2021-01-22,California,83,79,81
2021-03-09,New York,79,22,56
2020-10-18,Texas,97,27,25
2021-11-29,Florida,79,39,88
2021-01-20,California,35,25,70
2020-09-26,New York,97,27,49
2021-05-17,Florida,77,68,83
2020-10-12,California,99,44,53
2020-01-13,New York,62,61,46
2021-03-11,Florida,63,29,29
2022-04-18,New York,57,49,10
2022-01-19,New York,56,39,50
2021-04-04,California,33,49,81
2022-09-25,New York,30,75,89
2020-01-27,New York,98,22,81
2020-02-07,Texas,79,56,26
2020-08-02,Florida,89,73,38
2020-06-16,New York,70,72,10
2021-08-16,Florida,64,31,48
2022-05-13,New York,47,42,17
2020-02-13,Texas,35,22,60
2022-09-13,Florida,69,74,33
2022-01-24,Texas,87,23,56
2021-12-20,Texas,40,46,15
2021-11-19,Florida,52,49,99
2022-09-06,Texas,48,39,69
2021-01-31,California,37,60,69
2021-07-12,Florida,85,43,95
2021-07-04,Texas,43,65,33
2020-06-22,New York,46,54,84
2020-10-31,Florida,65,41,40
2020-07-21,Florida,31,49,83
2022-08-06,Florida,96,27,91
2021-06-03,California,72,69,71
2022-07-31,New York,83,52,51
2021-06-08,California,52,40,62
2020-01-08,Florida,77,33,47
2021-07-19,California,86,66,20
2020-11-20,Florida,74,75,54
2021-03-03,Texas,98,53,97
2021-09-25,Florida,30,42,53
2022-05-01,California,51,70,13
2020-09-13,Texas,43,28,45
2020-03-20,California,31,30,80
2020-09-10,New York,47,51,35
2021-11-26,California,72,78,37
2022-01-11,Florida,78,58,84
2021-01-16,Texas,79,36,18
2021-07-04,New York,48,37,27
2020-08-29,Texas,53,62,53
2021-11-07,California,98,64,69
2021-02-28,New York,86,70,98
2021-02-02,New York,61,63,64
2022-08-01,Texas,34,73,69
2020-09-20,Florida,47,25,18
2020-09-21,New York,68,66,52
2020-04-06,California,44,54,31
2020-09-02,Texas,96,69,47
2022-07-29,Florida,44,64,33
2022-06-18,California,97,49,82
2021-12-13,Texas,98,47,78
2022-09-10,Texas,34,37,15
2021-11-15,New York,49,53,62
2022-08-06,Texas,77,58,49
2021-01-22,Florida,55,51,55
2020-10-02,Florida,66,69,19
2020-10-21,Texas,30,43,99
2020-06-05,California,72,49,46
2020-05-31,Florida,71,46,26
2021-07-14,New York,90,20,59
2022-04-10,Florida,88,48,10
2020-12-21,Florida,46,24,14
2020-01-01,Florida,40,54,57
2021-08-31,Florida,56,59,46
2021-02-07,New York,46,25,33
2020-02-02,New York,89,59,97
2022-01-21,New York,45,40,79
2021-12-10,Florida,46,35,72
2020-11-08,New York,48,47,39
2021-09-06,California,33,75,94
2021-11-29,California,60,33,63
2020-06-30,Texas,75,62,18
2021-09-17,Florida,57,27,89
2022-08-07,California,87,56,61
2022-07-05,California,73,48,88
2022-07-02,California,92,76,99
2020-12-09,New York,67,41,70
2020-06-09,California,76,23,92
2021-10-19,New York,37,78,95
2020-02-16,California,73,74,37
2022-09-19,New York,71,36,33
2020-02-08,Texas,33,21,52
2020-09-15,Texas,56,39,42
2022-04-09,California,95,68,55
2020-09-22,Texas,54,78,58
2020-03-27,Texas,91,70,62
2022-06-30,California,68,46,46
2020-11-27,California,58,31,71
2021-05-11,Texas,99,40,51
2022-03-03,California,33,42,22
2021-07-27,Texas,51,31,90
2020-03-26,Texas,34,58,16
2021-08-29,California,49,59,93
2022-01-14,New York,78,53,47
2022-03-05,Florida,83,22,15
2021-05-31,Texas,48,31,55
2020-02-09,California,90,21,19
2022-01-02,California,90,46,56
2021-01-20,California,82,27,53
2020-06-17,Florida,65,58,74
2020-10-15,New York,67,40,31
2020-02-15,Texas,62,37,93
2020-09-17,California,74,78,53
2020-01-21,Florida,59,70,97
2020-02-15,New York,39,41,81
2021-07-14,Texas,63,70,65
2021-03-03,Texas,36,30,33
2022-09-12,New York,74,55,25
2021-08-08,Florida,31,39,82
2020-09-22,Florida,47,21,73
2020-04-28,Texas,69,41,24
2021-08-04,California,34,62,23
2020-07-10,New York,31,50,91
2020-10-29,New York,31,60,23
2021-04-20,California,94,29,96
2020-01-30,New York,32,76,40
2021-09-09,California,47,49,39
2020-01-21,Florida,88,57,48
2020-03-29,Florida,95,27,32
2022-03-16,California,46,53,12
2022-09-14,Florida,98,27,24
2021-01-11,Texas,48,37,55
2020-09-02,New York,58,40,35
2021-09-23,Florida,67,32,19
2021-03-14,Florida,34,63,72
2021-04-19,Texas,47,35,96
2021-12-22,New York,59,57,28
2020-12-26,New York,49,77,11
2020-08-01,California,30,58,10
2020-04-30,New York,48,34,20
2021-01-13,California,63,64,33
2020-01-08,New York,44,28,82
2021-04-08,California,98,62,30
2021-05-06,New York,96,49,13
2020-03-22,Florida,64,79,50
2021-07-18,Texas,84,37,91
2021-03-28,New York,86,71,29
2020-06-08,Texas,90,20,48
2020-08-08,Texas,40,53,73
2021-04-10,California,66,59,70
2021-01-26,California,36,39,24
2022-02-02,Texas,49,55,95
2021-01-03,Texas,41,60,56
2021-09-02,Texas,76,20,53
2020-04-29,California,64,75,96
2020-09-08,California,87,75,87
2020-06-17,Florida,69,51,27
2021-07-16,California,63,67,80
2021-06-10,California,61,35,39
2020-05-30,California,75,61,24
2022-03-10,New York,70,22,43
2020-05-21,New York,30,61,33
2020-08-31,Texas,93,63,96
2021-11-23,Texas,53,43,67
2022-09-18,Florida,46,36,20
2020-08-27,California,50,68,82
2022-02-01,Texas,75,25,19
2020-06-15,Texas,61,39,40
2021-01-13,New York,36,69,85
2021-05-26,New York,65,45,75
2020-07-26,Florida,39,68,76
2021-01-17,Florida,38,56,10
2021-06-13,Florida,56,56,70
2021-03-18,New York,81,23,51
2021-04-08,Texas,61,25,43
2021-01-31,California,31,60,96
2020-09-06,New York,69,75,50
2022-02-02,California,81,49,40
2020-11-23,California,79,55,54
2020-10-06,New York,72,34,98
2021-04-08,California,65,40,39
2020-03-02,California,98,77,40
2022-05-02,Texas,64,71,34
2020-06-15,California,36,30,45
2022-03-11,New York,44,67,80
2022-05-04,California,44,20,50
2022-04-05,Florida,85,79,28
2022-08-18,California,93,38,44
2020-03-10,California,39,33,39
2021-05-21,Texas,51,24,76
2021-11-27,Florida,81,30,81
2022-08-08,California,93,24,66
2020-01-17,Texas,43,30,77
2022-06-04,New York,78,63,80
2020-05-28,Florida,61,61,59
2021-01-28,Florida,69,27,79
2022-03-06,Florida,99,56,10
2020-11-07,California,99,49,39
2022-08-02,Florida,90,74,31
2022-04-01,Florida,71,51,40
2022-05-01,New York,30,30,93
2022-03-11,Texas,36,54,31
2022-03-24,Florida,66,76,13
2020-06-12,New York,56,73,24
2022-08-08,Texas,77,64,76
2020-02-29,Texas,49,47,92
2020-10-23,Texas,99,63,83
2021-01-11,New York,34,39,81
2022-01-19,Texas,68,56,60
2021-02-05,California,98,66,99
2022-05-20,Texas,70,36,23
2021-01-24,Texas,75,36,14
2022-04-24,New York,91,32,26
2022-02-26,Florida,97,21,62
2020-01-11,California,33,48,36
2021-10-01,New York,77,74,46
2021-08-23,Texas,33,72,21
2020-10-16,Texas,50,56,17
2022-01-26,Texas,41,22,73
2020-10-02,California,58,46,96
2021-02-20,New York,65,71,85
2020-05-09,Texas,91,77,13
2021-09-14,California,50,61,74
2020-03-24,New York,61,58,48
2021-04-04,Florida,92,68,23
2021-01-10,New York,67,21,37
2020-07-08,Florida,58,68,88
2022-09-23,Texas,65,30,69
2022-09-11,California,47,57,42
2022-09-18,California,71,49,34
2020-04-02,California,88,50,69
2020-08-17,New York,75,66,33
2021-05-02,New York,64,49,82
2021-09-23,Florida,46,78,19
2020-05-28,Florida,96,29,93
2021-01-23,New York,77,51,16
2021-12-05,New York,86,71,87
2022-07-27,New York,34,65,88
2020-01-17,Texas,80,70,62
2021-10-28,New York,61,47,67
2020-09-06,California,96,64,83
2020-10-15,Florida,51,61,66
2020-11-02,California,64,47,59
2020-05-18,Texas,89,37,98
2021-03-24,Texas,40,79,40
2020-02-06,California,44,66,51
2022-07-04,New York,58,42,16
2021-01-29,New York,78,67,95
2020-02-10,California,83,58,82
2020-08-25,Florida,92,48,87
2020-02-27,Texas,75,65,66
2020-09-26,Florida,95,34,81
2020-08-26,Texas,49,70,97
2022-07-22,New York,73,35,41
2022-04-05,California,64,43,81
2022-01-12,Texas,56,38,82
2022-09-12,New York,99,50,43
2021-09-30,Texas,78,21,33
2022-08-07,Florida,67,69,78
2022-02-15,Texas,70,41,49
2020-08-09,New York,56,57,47
2022-02-06,New York,97,63,12
2022-05-24,New York,35,52,85
2021-02-24,New York,57,53,43
2021-01-28,Florida,85,52,78
2022-08-22,California,87,38,43
2020-08-13,Texas,99,72,81
2020-03-28,New York,43,30,49
2021-12-23,New York,44,20,78
2022-04-26,Texas,43,53,47
2020-02-05,Texas,65,49,18
2021-06-28,New York,30,58,72
2022-04-18,Texas,45,20,21
2021-10-11,California,46,31,90
2021-04-06,Florida,50,26,68
2022-06-28,Florida,94,34,41
2020-05-07,New York,65,25,50
2020-01-10,Texas,37,33,73
2021-05-19,Florida,40,25,79
2022-05-27,New York,41,57,34
2021-12-04,Texas,47,24,48
2020-08-13,California,30,71,25
2022-08-31,California,82,20,61
2021-05-28,Florida,71,46,76
2020-08-23,California,36,48,77
2021-02-21,New York,99,67,91
2022-01-15,Florida,56,50,11
2020-11-26,California,42,75,37
2020-10-19,New York,74,27,48
2022-08-12,California,77,44,52
2020-09-19,Florida,36,76,75
2021-09-29,Florida,99,73,65
2022-02-20,New York,49,52,34
2020-08-22,Florida,81,74,63
2020-01-31,Texas,35,33,69
2021-01-16,New York,71,64,60
2020-04-13,California,80,67,63
2021-08-29,Texas,53,55,68
2020-01-29,California,94,38,78
2020-01-29,Texas,72,63,81
2022-06-17,Texas,46,25,40
2021-10-08,Florida,85,59,81
2022-04-10,Texas,48,34,41
2020-12-12,Florida,99,22,42
2020-11-22,New York,61,41,58
2022-04-20,California,87,37,65
2021-04-08,California,77,50,78
2020-07-04,California,96,56,64
2020-08-14,Texas,71,66,33
2020-02-05,California,89,60,33
2021-12-08,Florida,54,48,38
2020-03-29,Texas,60,77,39
2020-02-02,New York,73,43,68
2021-07-21,California,69,39,44
2021-03-17,Texas,33,65,88
2020-12-12,California,91,50,85
2020-09-25,Florida,76,69,17
2021-10-18,New York,39,55,14
2020-03-28,New York,60,38,44
2021-07-09,Texas,69,58,38
2020-06-08,Texas,53,33,92
2021-03-25,Florida,68,64,20
2021-08-26,New York,82,51,59
2021-08-24,Texas,39,65,99
2022-02-09,California,33,20,92
2022-03-09,Texas,40,22,41
2021-06-26,Texas,63,30,10
2020-01-09,California,52,72,36
2020-01-23,California,88,24,16
2020-11-08,Florida,38,71,70
2021-03-05,California,79,63,95
2020-04-14,California,63,23,50
2022-08-04,Texas,54,66,77
2022-08-26,California,60,25,57
2021-09-30,New York,69,25,49
2020-02-17,Florida,96,70,89
2022-09-14,Florida,77,54,47
2021-02-14,Florida,44,31,40
2021-03-02,Florida,92,65,81
2021-10-26,Florida,58,60,96
2021-05-02,New York,65,60,62
2020-03-05,Florida,73,41,17
2021-11-13,Texas,94,36,60
2020-05-10,Florida,94,76,77
2020-08-24,Florida,95,47,50
2022-06-10,California,73,45,61
2021-09-10,Florida,70,42,34
2020-06-02,California,55,56,92
2022-02-03,Texas,82,77,71
2021-06-30,New York,83,24,45
2021-08-15,Texas,54,25,74
2020-11-09,Florida,66,40,25
2021-04-09,New York,43,21,24
2020-05-20,Texas,84,76,20
2022-05-02,Florida,42,68,63
2022-06-15,Florida,31,73,77
2020-01-30,California,66,79,58
2022-05-18,California,86,45,76
2022-06-24,California,81,75,65
2022-01-22,New York,79,24,83
2022-08-03,New York,36,32,26
2020-12-28,California,35,22,29
2021-12-23,New York,45,60,82
2021-01-05,Florida,92,66,97
2020-04-23,California,91,71,47
2021-07-13,Texas,90,26,88
2022-04-08,Florida,88,71,56
2020-02-05,New York,41,79,40
2020-09-04,Florida,57,69,19
2020-11-02,California,98,47,95
2022-01-06,New York,61,62,25
2021-03-09,California,46,22,23
2022-02-17,New York,42,54,39
2021-02-15,California,69,33,91
2021-06-05,New York,83,79,50
2022-03-02,Texas,31,54,77
2021-09-03,California,80,65,48
2020-06-20,California,43,31,75
2022-07-29,New York,76,20,68
2020-11-11,New York,98,38,65
2022-03-19,Florida,46,40,76
2020-03-28,New York,87,72,31
2020-12-10,New York,92,42,32
2022-03-06,Florida,92,33,11
2020-04-16,California,34,37,78
2022-08-30,California,87,79,37
2020-02-05,New York,50,28,29
2022-05-06,Texas,82,28,22
2020-03-22,Texas,36,64,98
2021-05-19,California,62,38,67
2020-01-13,New York,85,25,38
2021-02-24,California,73,42,96
2022-06-23,New York,31,20,33
2021-03-25,New York,61,66,48
2020-08-13,New York,48,23,58
2022-02-23,Florida,32,63,28
2020-05-26,California,68,71,24
2022-06-09,Texas,63,31,75
2022-04-29,Florida,83,77,36
2022-01-19,California,62,55,81
2020-05-24,New York,78,22,16
2020-11-14,New York,57,20,95
2021-04-15,Texas,30,63,24
2021-11-13,Texas,38,60,19
2021-02-09,Texas,30,78,74
2021-05-08,New York,76,24,46
2022-06-12,Texas,51,31,41
2021-05-18,Texas,85,59,65
2021-03-31,California,40,29,83
2022-05-21,New York,68,39,53
2020-02-02,Texas,93,31,73
2021-07-23,Texas,80,49,90
2020-09-21,New York,31,67,64
2020-03-16,Florida,31,22,44
2020-03-15,Texas,53,59,12
2022-07-07,Texas,82,21,56
2020-06-11,New York,43,51,10
2020-04-04,California,31,66,39
2021-06-17,California,40,69,70
2022-05-17,California,91,66,22
2022-06-29,Florida,84,74,46
2021-02-01,California,89,56,63
2022-04-09,New York,75,72,71
2020-09-28,California,88,55,58
2021-05-21,California,73,78,37
2022-08-12,New York,80,27,78
2020-01-10,Texas,70,54,97
2021-04-08,Texas,60,35,86
2022-01-26,Texas,54,51,75
2021-12-08,Florida,89,50,51
2021-03-29,Florida,84,34,19
2022-08-25,New York,51,43,54
2020-07-10,Florida,39,46,79
2020-10-24,Florida,69,28,43
2020-12-09,Texas,64,31,19
2021-06-08,California,40,28,51
2020-04-06,California,35,63,80
2020-06-23,California,63,48,25
2022-05-05,New York,92,32,86
2021-11-25,Texas,55,24,64
2022-01-17,Florida,35,23,60
2020-03-19,New York,56,76,85
2021-12-25,New York,73,43,50
2021-04-20,Florida,49,45,50
2020-02-21,Florida,73,28,95
2021-10-10,New York,74,58,91
2020-09-22,Florida,51,61,73
2020-07-06,Florida,57,77,56
2020-09-30,Texas,82,29,20
2022-03-22,New York,55,42,86
2022-01-08,Texas,59,22,37
2021-08-02,Texas,64,74,83
2020-01-17,Texas,74,51,76
2021-05-27,New York,70,31,60
2020-02-24,Florida,42,65,97
2020-07-26,Florida,74,33,49
2020-05-11,California,54,23,23
2021-01-22,Florida,93,54,89
2020-02-25,Texas,90,53,46
2020-02-21,Florida,49,46,22
2021-10-17,California,59,23,75
2021-03-06,California,64,70,64
2021-04-22,Florida,87,54,37
2021-07-19,Texas,32,60,11
2021-09-02,New York,66,28,75
2021-11-21,Florida,93,21,88
2021-07-31,Florida,36,31,30
2021-08-13,Texas,33,58,23
2020-09-06,Texas,86,49,19
2021-09-26,Texas,89,37,25
2020-12-09,Texas,94,60,49
2020-04-25,Florida,85,43,99
2021-10-23,Florida,52,61,37
2021-06-25,Texas,71,29,74
2020-11-25,Texas,46,73,28
2021-05-25,Florida,94,73,50
2022-07-07,New York,44,64,58
2022-02-23,Texas,43,69,22
2020-09-27,California,32,73,86
2020-05-03,California,82,35,87
2021-06-05,Florida,41,20,12
2022-04-21,Texas,86,57,29
2022-08-18,California,48,68,75
2020-04-02,Florida,37,72,44
2020-05-25,Florida,32,66,26
2020-06-25,Texas,98,22,13
2021-08-07,New York,47,27,77
2022-03-06,Texas,64,46,87
2021-02-13,California,65,41,93
2022-09-13,Texas,67,25,13
2021-05-20,New York,70,24,99
2022-04-16,Texas,33,63,58
2021-11-12,California,60,76,84
2020-01-28,Florida,60,77,62
2020-11-04,California,99,68,87
2021-07-29,California,31,45,93
2021-09-12,Texas,86,56,27
2020-03-28,Florida,86,41,35
2022-08-30,Florida,41,75,26
2022-03-28,New York,85,31,19
2022-07-27,Texas,63,59,65
2021-11-04,Texas,61,76,86
2022-05-11,New York,30,69,83
2021-11-12,New York,34,20,98
2022-06-02,New York,83,61,89
2020-03-31,California,48,78,31
2020-05-18,California,54,37,58
2021-01-28,Florida,44,31,43
2020-02-14,Florida,62,65,88
2020-07-27,New York,37,79,22
2022-01-09,California,74,74,77
2021-08-23,California,34,60,66
2022-01-15,New York,44,38,82
2020-10-03,New York,47,47,92
2022-09-20,California,30,24,78
2021-08-16,Texas,91,62,79
2021-11-11,New York,43,56,97
2022-04-13,Texas,97,72,94
2021-05-29,Florida,88,49,95
2021-11-27,California,72,21,87
2020-03-30,California,63,33,52
2020-09-09,California,78,53,73
2021-03-21,Florida,30,23,90
2021-12-24,Texas,98,57,41
2022-01-14,New York,67,69,16
2020-06-12,Texas,81,27,61
2020-10-26,Texas,95,64,30
2022-09-09,Texas,32,76,46
2022-02-28,New York,88,76,16
2021-10-08,New York,99,70,55
2022-05-17,California,47,61,94
2022-04-04,New York,85,37,82
2022-04-24,New York,66,48,23
2021-06-02,Texas,92,41,87
2022-08-24,New York,42,74,76
2022-08-17,Texas,96,32,44
2022-04-20,Florida,62,61,47
2021-03-08,California,76,46,80
2020-04-07,Florida,65,41,12
2021-06-23,Texas,34,77,12
2020-02-09,California,78,55,43
2022-05-19,New York,42,76,33
2022-06-12,California,98,37,67
2021-11-06,California,98,49,81
2020-10-01,Texas,36,79,19
2022-08-13,New York,84,75,33
2022-08-27,California,74,49,83
2020-12-11,New York,50,49,14
2020-02-19,New York,56,37,37
2022-05-29,Florida,73,79,51
2021-01-26,Florida,45,45,45
2021-05-19,Florida,88,74,15
2021-10-01,California,88,50,23
2021-12-09,California,79,65,16
2021-11-18,New York,90,20,48
2021-01-07,New York,50,34,87
2021-09-16,Texas,57,37,98
2020-07-18,Texas,52,79,50
2022-05-30,Florida,55,41,34
2022-07-18,Florida,36,34,32
2021-02-15,California,88,21,20
2021-06-16,Texas,60,51,70
2021-11-20,Florida,69,37,54
2021-02-05,New York,35,55,18
2022-05-22,New York,98,66,12
2021-08-04,Texas,90,37,94
2021-12-18,Florida,90,39,92
2021-03-27,California,56,39,50
2021-08-23,Florida,85,41,49
2020-02-17,Texas,77,28,83
2021-10-03,Texas,88,63,37
2021-05-01,Texas,74,37,63
2020-10-29,Texas,86,56,51
2022-05-03,Texas,70,32,86
2021-10-11,California,83,44,14
2021-03-13,New York,60,55,13
2021-12-10,California,93,51,93
2022-01-15,Florida,69,74,52
2022-03-11,Texas,58,50,76
2021-06-07,New York,51,20,68
2021-04-10,New York,95,31,33
2021-11-12,Florida,32,28,22
2021-09-08,Texas,66,67,54
2020-02-14,Texas,45,27,39
2021-08-16,California,30,33,67
2021-12-21,Texas,62,20,24
2022-04-30,California,38,22,24
2022-07-08,New York,49,47,54
2022-06-01,New York,69,48,18
2021-05-26,New York,94,59,88
2020-03-21,Florida,59,20,52
2021-09-23,New York,46,22,86
2020-06-11,California,72,30,89
2020-03-26,Texas,62,72,32
2021-01-31,California,50,39,67
2020-12-28,Texas,53,79,59
2020-12-16,New York,77,61,97
2020-01-15,Florida,77,48,67
2020-04-03,Texas,33,52,70
2021-09-23,New York,86,56,83
2022-08-13,Texas,57,44,13
2021-01-14,Florida,91,75,42
2021-12-04,New York,71,44,36
2022-01-28,New York,49,58,18
2021-01-28,Florida,84,73,24
2022-02-05,Florida,75,21,29
2022-08-16,Florida,77,55,90
2020-12-02,California,85,33,12
2020-10-03,California,72,74,22
2020-11-18,Florida,99,74,52
2020-08-24,Surat,44,38,23
2021-10-24,Pune,70,45,33
2020-12-14,Ahmedabad,31,54,37
2020-12-07,Surat,34,66,76
2021-03-09,Mumbai,85,36,61
2022-06-11,Surat,63,77,40
2020-04-05,Surat,48,21,26
2022-04-06,Ahmedabad,45,24,70
2021-06-06,Visakhapatnam,84,79,73
2022-04-19,Surat,39,34,46
2021-06-26,Surat,52,58,86
2022-03-14,Visakhapatnam,50,53,67
2021-02-07,Chennai,39,46,52
2021-03-07,Pune,80,76,91
2022-02-18,Hyderabad,74,72,62
2020-01-17,Pune,55,45,65
2022-06-30,Pune,95,37,73
2020-06-30,Pune,83,74,81
2020-09-16,Surat,63,49,91
2020-07-20,Hyderabad,30,43,86
2021-04-23,Chennai,62,39,20
2021-02-15,Visakhapatnam,99,50,99
2020-05-06,Delhi,82,58,23
2021-04-26,Chennai,66,74,45
2022-03-10,Ahmedabad,87,71,45
2022-01-14,Mumbai,83,22,80
2020-09-13,Ahmedabad,32,55,67
2020-07-05,Ahmedabad,33,49,77
2022-07-31,Surat,82,75,91
2020-10-17,Pune,38,49,93
2020-04-03,Visakhapatnam,56,39,24
2021-10-08,Surat,83,35,38
2020-08-28,Surat,79,72,86
2021-08-11,Ahmedabad,97,47,53
2022-02-15,Visakhapatnam,87,43,49
2020-09-14,Pune,67,52,96
2021-06-23,Mumbai,78,52,79
2020-03-22,Ahmedabad,39,41,69
2022-01-06,Mumbai,39,37,63
2020-02-23,Pune,55,70,37
2021-04-14,Surat,52,37,36
2021-10-07,Delhi,94,28,64
2022-01-01,Mumbai,49,72,79
2021-05-26,Visakhapatnam,73,45,28
2020-10-03,Mumbai,44,32,40
2021-10-06,Pune,54,58,19
2022-04-14,Chennai,90,63,51
2021-10-13,Mumbai,73,79,38
2022-07-17,Delhi,74,24,67
2021-09-20,Delhi,96,39,60
2021-06-25,Ahmedabad,32,79,32
2022-06-06,Delhi,63,70,66
2021-12-13,Surat,98,30,32
2021-02-13,Chennai,30,46,63
2021-11-26,Pune,40,20,30
2022-01-26,Surat,48,67,16
2020-04-15,Delhi,49,31,73
2020-06-09,Surat,90,23,23
2021-11-10,Delhi,73,35,73
2021-03-03,Ahmedabad,33,65,15
2022-08-13,Pune,78,75,88
2022-02-10,Ahmedabad,51,75,31
2022-05-13,Ahmedabad,67,54,84
2020-07-20,Surat,38,33,23
2022-07-12,Visakhapatnam,60,32,95
2021-02-17,Ahmedabad,32,30,64
2020-04-17,Delhi,69,72,98
2020-12-26,Surat,81,40,75
2022-06-26,Pune,69,53,26
2020-08-22,Hyderabad,47,56,17
2021-08-30,Chennai,62,37,16
2020-01-04,Hyderabad,92,38,41
2021-11-05,Chennai,75,21,47
2020-12-12,Hyderabad,77,65,88
2021-04-21,Delhi,92,64,44
2020-07-28,Delhi,55,79,57
2020-03-02,Ahmedabad,51,77,72
2021-06-13,Hyderabad,85,74,65
2021-07-17,Visakhapatnam,46,20,63
2021-11-14,Mumbai,72,33,35
2020-12-15,Surat,73,30,32
2021-12-07,Chennai,63,60,52
2021-10-17,Ahmedabad,98,51,10
2021-11-28,Chennai,65,72,54
2022-03-09,Delhi,95,48,63
2021-08-01,Ahmedabad,96,68,49
2020-03-26,Delhi,71,25,41
2020-01-16,Delhi,58,64,78
2021-01-11,Pune,38,72,95
2022-09-24,Visakhapatnam,30,60,18
2022-06-29,Surat,63,73,58
2020-08-06,Ahmedabad,90,39,11
2020-10-16,Visakhapatnam,97,65,48
2022-05-04,Surat,47,76,25
2022-03-05,Mumbai,93,25,24
2021-11-08,Chennai,99,36,72
2021-08-14,Visakhapatnam,33,75,75
2022-08-05,Pune,46,46,40
2020-06-30,Chennai,78,66,17
2021-10-31,Surat,99,71,15
2020-03-17,Chennai,92,44,46
2021-01-14,Mumbai,87,52,40
2020-09-05,Delhi,56,20,76
2020-10-19,Pune,66,41,98
2022-02-03,Mumbai,86,45,67
2022-04-21,Hyderabad,76,33,43
2020-06-15,Ahmedabad,52,35,34
2020-01-14,Ahmedabad,31,57,16
2021-01-17,Chennai,76,67,14
2021-10-11,Delhi,79,21,79
2020-12-13,Surat,69,62,31
2022-03-14,Surat,95,76,15
2020-08-31,Chennai,80,61,24
2021-08-30,Delhi,60,66,70
2021-11-13,Ahmedabad,85,75,13
2021-07-31,Visakhapatnam,60,21,85
2022-08-31,Mumbai,80,26,67
2021-07-04,Mumbai,50,33,63
2021-03-17,Delhi,39,40,14
2022-08-12,Ahmedabad,87,78,51
2022-04-11,Visakhapatnam,30,21,42
2022-04-22,Ahmedabad,64,47,98
2022-05-08,Hyderabad,40,20,44
2021-06-22,Delhi,63,75,21
2022-01-19,Chennai,85,23,89
2020-01-20,Ahmedabad,85,39,47
2021-08-07,Hyderabad,57,49,11
2021-08-03,Mumbai,78,38,70
2020-02-21,Surat,81,22,29
2022-08-30,Mumbai,84,72,69
2022-01-01,Chennai,95,49,45
2021-07-09,Chennai,89,38,15
2021-06-10,Delhi,97,59,17
2021-09-17,Pune,65,77,23
2020-06-19,Ahmedabad,85,61,54
2020-01-15,Mumbai,83,59,36
2021-04-24,Delhi,60,45,42
2021-10-23,Surat,37,31,47
2022-08-24,Chennai,48,53,60
2020-10-14,Ahmedabad,46,31,53
2020-11-07,Ahmedabad,83,66,49
2021-03-28,Surat,78,55,49
2022-05-20,Pune,45,68,94
2021-06-24,Pune,87,38,87
2021-09-14,Delhi,62,70,28
2020-05-04,Pune,53,61,99
2020-02-25,Mumbai,98,74,97
2022-04-14,Mumbai,38,37,76
2022-06-29,Chennai,61,41,87
2021-05-31,Ahmedabad,79,30,43
2020-11-08,Surat,60,79,41
2020-07-02,Surat,96,63,59
2022-03-08,Chennai,79,66,52
2022-06-17,Chennai,84,23,68
2020-04-17,Delhi,54,65,61
2021-01-28,Ahmedabad,74,76,29
2021-10-04,Delhi,53,38,22
2020-05-10,Hyderabad,86,30,26
2020-12-24,Delhi,82,51,18
2021-08-01,Pune,87,39,23
2021-01-20,Surat,70,79,65
2022-05-29,Mumbai,71,37,19
2020-06-24,Visakhapatnam,38,39,74
2020-10-30,Visakhapatnam,86,31,86
2020-04-25,Chennai,77,76,80
2022-08-11,Visakhapatnam,85,47,28
2020-07-14,Hyderabad,78,39,63
2020-09-25,Mumbai,38,62,37
2020-05-07,Delhi,84,72,17
2021-02-20,Hyderabad,50,58,21
2020-06-05,Chennai,97,53,11
2022-09-24,Surat,44,63,22
2022-07-14,Mumbai,76,22,20
2021-01-20,Chennai,73,60,39
2022-02-06,Visakhapatnam,41,30,23
2021-03-10,Visakhapatnam,81,51,19
2020-12-14,Delhi,35,67,24
2021-08-09,Delhi,42,21,12
2020-06-28,Ahmedabad,83,55,24
2021-04-22,Visakhapatnam,50,20,15
2021-08-31,Chennai,37,28,80
2021-01-20,Hyderabad,70,53,12
2022-01-23,Pune,50,75,27
2021-01-07,Ahmedabad,51,76,79
2021-08-22,Surat,44,28,21
2020-02-09,Surat,84,49,44
2022-03-24,Ahmedabad,32,47,20
2020-01-26,Hyderabad,67,38,87
2020-12-15,Visakhapatnam,61,67,12
2020-08-01,Delhi,91,66,39
2020-09-13,Visakhapatnam,77,60,48
2022-07-29,Visakhapatnam,35,20,81
2021-05-31,Mumbai,33,67,83
2021-07-02,Visakhapatnam,32,37,23
2021-05-30,Delhi,87,77,27
2022-06-28,Chennai,94,34,38
2022-07-01,Hyderabad,31,42,68
2021-07-01,Visakhapatnam,34,31,59
2022-09-17,Visakhapatnam,58,72,64
2021-11-26,Mumbai,41,38,42
2021-10-05,Hyderabad,64,63,67
2022-01-21,Surat,88,22,99
2021-07-06,Surat,89,46,68
2020-05-06,Pune,85,76,13
2022-08-03,Delhi,76,44,55
2021-04-08,Visakhapatnam,86,23,89
2021-10-09,Visakhapatnam,96,48,31
2020-07-31,Surat,64,53,24
2020-11-24,Hyderabad,95,52,71
2022-07-20,Chennai,48,20,95
2021-03-16,Ahmedabad,48,52,34
2020-02-07,Chennai,58,31,16
2021-01-31,Visakhapatnam,45,45,32
2021-11-05,Pune,74,54,28
2022-02-28,Visakhapatnam,75,35,53
2022-04-03,Ahmedabad,77,57,70
2021-12-03,Mumbai,69,50,80
2021-12-11,Hyderabad,37,50,13
2020-02-22,Hyderabad,90,37,49
2020-12-02,Delhi,70,62,22
2022-02-26,Chennai,34,26,87
2022-01-24,Visakhapatnam,42,35,46
2021-07-06,Ahmedabad,77,30,36
2022-09-19,Ahmedabad,55,26,99
2021-05-09,Mumbai,42,55,32
2022-03-30,Delhi,68,55,32
2022-07-01,Surat,98,31,19
2020-09-20,Visakhapatnam,92,48,11
2020-12-08,Mumbai,83,62,93
2022-04-28,Mumbai,72,47,96
2021-07-07,Surat,40,52,60
2022-07-20,Ahmedabad,80,64,83
2021-02-10,Ahmedabad,37,23,86
2022-08-14,Ahmedabad,32,23,20
2021-01-11,Chennai,98,49,70
2020-11-03,Ahmedabad,51,24,55
2021-09-18,Delhi,33,64,40
2021-10-21,Delhi,91,65,34
2021-12-23,Ahmedabad,80,27,56
2022-02-10,Delhi,69,43,53
2020-04-02,Visakhapatnam,56,26,66
2022-02-11,Surat,82,79,74
2022-09-05,Chennai,88,61,51
2021-08-15,Hyderabad,54,75,27
2021-09-28,Surat,90,38,52
2022-01-23,Surat,41,71,82
2020-10-19,Surat,43,38,74
2022-01-16,Surat,71,50,78
2020-05-15,Mumbai,69,78,45
2020-03-15,Mumbai,83,70,10
2021-07-24,Visakhapatnam,85,33,80
2022-02-23,Ahmedabad,38,65,94
2021-04-11,Visakhapatnam,30,42,86
2022-02-25,Visakhapatnam,76,69,48
2020-05-05,Visakhapatnam,39,78,24
2020-11-05,Visakhapatnam,46,68,17
2021-08-07,Pune,40,77,75
2021-08-10,Ahmedabad,59,74,67
2021-11-03,Pune,46,39,20
2022-01-26,Delhi,99,33,80
2021-07-29,Hyderabad,91,72,32
2022-04-30,Visakhapatnam,54,29,28
2020-11-26,Chennai,64,45,85
2022-01-13,Ahmedabad,48,40,18
2022-09-15,Delhi,51,55,51
2021-05-18,Hyderabad,70,68,52
2021-01-20,Mumbai,50,61,94
2022-05-28,Visakhapatnam,36,62,27
2020-11-27,Delhi,97,76,29
2020-05-11,Visakhapatnam,48,78,75
2022-07-28,Pune,46,35,92
2020-06-02,Hyderabad,81,42,64
2022-06-07,Delhi,80,66,32
2020-07-14,Delhi,76,75,26
2020-09-07,Pune,32,42,40
2022-06-25,Pune,46,40,33
2021-10-14,Delhi,52,42,22
2021-01-27,Pune,38,54,20
2022-06-19,Chennai,91,77,41
2020-05-06,Ahmedabad,60,54,13
2022-02-04,Surat,43,47,33
2020-11-15,Surat,82,37,90
2020-10-20,Ahmedabad,81,58,56
2020-05-29,Mumbai,52,71,54
2022-02-03,Chennai,32,25,83
2021-02-12,Mumbai,68,26,69
2020-07-19,Mumbai,80,27,26
2020-01-01,Ahmedabad,45,31,15
2020-08-24,Surat,36,47,58
2021-09-07,Surat,43,23,57
2020-10-28,Delhi,33,61,68
2022-07-29,Hyderabad,50,75,37
2022-02-15,Chennai,84,53,33
2020-08-22,Chennai,31,58,42
2021-10-07,Mumbai,95,51,45
2020-11-27,Hyderabad,66,49,58
2020-06-22,Hyderabad,85,37,77
2021-03-10,Ahmedabad,60,74,57
2021-11-14,Delhi,39,60,62
2022-03-16,Delhi,35,60,43
2021-04-29,Chennai,90,78,35
2020-04-21,Pune,83,38,35
2021-11-06,Mumbai,81,56,70
2022-04-12,Chennai,52,30,97
2020-09-04,Hyderabad,64,38,64
2022-02-02,Visakhapatnam,34,56,57
2021-03-09,Visakhapatnam,99,42,26
2020-12-04,Ahmedabad,80,60,56
2021-05-04,Pune,76,46,50
2020-09-17,Mumbai,68,62,81
2021-03-10,Delhi,48,48,39
2021-10-24,Pune,31,61,39
2022-07-30,Pune,49,28,86
2021-09-01,Surat,83,64,31
2022-02-06,Visakhapatnam,78,43,85
2022-08-23,Surat,93,30,43
2021-03-22,Chennai,61,71,92
2020-02-03,Visakhapatnam,60,77,71
2022-03-24,Ahmedabad,88,37,54
2020-06-01,Mumbai,41,46,38
2022-03-22,Surat,55,52,17
2020-07-31,Delhi,36,20,52
2020-06-23,Ahmedabad,69,42,38
2021-07-17,Hyderabad,71,34,38
2020-10-09,Ahmedabad,37,31,23
2020-08-03,Visakhapatnam,93,76,48
2022-01-23,Ahmedabad,42,45,25
2020-11-26,Surat,85,42,81
2020-08-25,Chennai,96,56,92
2021-09-13,Hyderabad,90,49,44
2021-02-28,Delhi,40,55,33
2021-11-30,Surat,64,24,35
2020-04-23,Visakhapatnam,79,58,33
2020-07-11,Hyderabad,86,35,42
2020-11-24,Ahmedabad,34,42,26
2021-04-27,Pune,91,63,80
2021-01-29,Delhi,33,73,59
2020-02-22,Delhi,66,74,99
2020-06-21,Surat,92,22,97
2021-01-01,Ahmedabad,96,69,42
2020-04-28,Visakhapatnam,92,27,41
2021-10-25,Hyderabad,59,27,31
2020-09-17,Pune,79,30,42
2020-10-02,Visakhapatnam,55,60,11
2020-12-30,Hyderabad,88,49,58
2021-12-05,Hyderabad,85,46,63
2021-08-02,Hyderabad,82,46,91
2020-07-21,Mumbai,89,79,43
2022-02-10,Hyderabad,90,55,95
2021-04-25,Pune,95,26,55
2021-03-24,Pune,39,53,18
2022-07-05,Chennai,63,69,17
2021-03-08,Delhi,48,30,87
2021-06-01,Visakhapatnam,33,37,36
2020-05-01,Hyderabad,42,70,72
2022-01-02,Visakhapatnam,91,63,39
2021-10-21,Visakhapatnam,84,35,28
2021-09-26,Visakhapatnam,62,59,14
2020-12-30,Surat,78,54,48
2021-07-07,Ahmedabad,74,46,89
2022-01-22,Ahmedabad,57,40,16
2020-08-24,Chennai,45,43,18
2021-11-02,Hyderabad,86,33,25
2020-03-07,Pune,31,42,31
2020-09-01,Ahmedabad,64,23,84
2020-10-31,Chennai,70,51,75
2021-01-01,Chennai,92,27,79
2022-04-26,Ahmedabad,41,37,19
2022-07-26,Hyderabad,73,75,16
2020-03-02,Delhi,92,54,84
2020-10-15,Chennai,43,79,23
2021-03-16,Surat,69,39,71
2021-07-06,Pune,65,35,29
2022-04-19,Mumbai,44,26,93
2022-08-05,Chennai,40,70,73
2022-07-01,Visakhapatnam,96,70,55
2021-12-13,Delhi,36,41,80
2021-02-20,Surat,50,20,35
2022-09-10,Hyderabad,32,74,26
2022-01-14,Ahmedabad,48,72,54
2020-01-23,Surat,53,43,78
2021-01-25,Surat,84,35,70
2022-09-13,Mumbai,92,63,97
2020-10-04,Chennai,72,47,82
2020-03-24,Pune,96,65,39
2021-06-25,Ahmedabad,51,40,26
2020-04-26,Ahmedabad,81,41,32
2021-09-30,Mumbai,46,73,92
2022-08-27,Surat,38,64,52
2022-09-20,Ahmedabad,68,53,78
2021-06-10,Mumbai,36,77,80
2022-08-06,Surat,80,72,83
2020-09-01,Visakhapatnam,83,69,85
2020-01-09,Chennai,86,58,73
2021-03-17,Mumbai,31,60,36
2020-02-15,Chennai,62,47,57
2022-06-15,Ahmedabad,99,51,49
2020-07-24,Surat,62,32,24
2022-06-17,Delhi,51,32,58
2022-05-27,Visakhapatnam,55,50,21
2022-09-13,Ahmedabad,81,50,30
2022-03-29,Pune,76,46,69
2020-06-19,Hyderabad,56,41,64
2021-02-15,Delhi,47,28,35
2020-05-19,Delhi,76,63,50
2022-04-13,Surat,82,45,69
2020-04-25,Ahmedabad,90,71,99
2020-03-05,Chennai,34,65,98
2022-03-23,Delhi,91,50,53
2021-08-07,Delhi,73,50,77
2020-05-21,Chennai,59,21,23
2022-04-09,Mumbai,64,25,34
2020-04-17,Hyderabad,60,75,93
2021-05-31,Hyderabad,59,31,61
2021-05-06,Hyderabad,74,57,52
2021-06-09,Mumbai,35,47,29
2020-07-31,Delhi,63,34,12
2022-05-25,Mumbai,39,64,13
2020-11-23,Hyderabad,54,28,56
2022-08-12,Mumbai,44,78,17
2021-05-30,Delhi,81,70,83
2022-05-04,Delhi,84,40,64
2020-09-16,Surat,36,23,71
2020-09-20,Chennai,48,72,89
2021-06-01,Surat,43,21,39
2020-05-20,Pune,82,67,84
2020-04-03,Ahmedabad,68,69,37
2022-02-09,Surat,57,29,86
2020-01-20,Visakhapatnam,97,38,25
2021-01-25,Surat,44,62,54
2022-08-15,Visakhapatnam,88,53,95
2022-03-22,Delhi,63,54,60
2022-05-27,Surat,79,48,92
2020-11-07,Visakhapatnam,66,35,25
2021-06-04,Chennai,85,56,63
2022-03-14,Mumbai,50,64,94
2022-06-25,Visakhapatnam,61,37,25
2022-09-23,Chennai,38,29,41
2021-04-08,Delhi,98,74,22
2022-03-11,Ahmedabad,66,26,44
2021-05-22,Surat,40,32,92
2020-05-08,Chennai,92,43,63
2020-04-02,Ahmedabad,68,70,50
2022-07-25,Chennai,75,24,48
2020-12-08,Delhi,36,22,52
2020-06-30,Mumbai,91,41,23
2020-03-10,Visakhapatnam,66,28,91
2021-03-30,Ahmedabad,49,51,86
2021-10-14,Chennai,55,38,98
2022-03-27,Surat,66,56,93
2022-07-01,Surat,98,56,22
2021-09-19,Hyderabad,72,44,34
2022-05-12,Surat,87,68,22
2021-07-20,Visakhapatnam,66,64,95
2021-06-04,Chennai,95,59,87
2021-07-22,Mumbai,73,24,11
2021-05-07,Hyderabad,76,63,27
2020-03-06,Mumbai,42,21,61
2021-09-28,Chennai,71,20,79
2022-07-02,Visakhapatnam,36,73,86
2022-08-17,Visakhapatnam,43,73,81
2020-06-22,Chennai,91,50,29
2022-03-14,Delhi,56,71,88
2022-01-18,Surat,39,63,57
2020-09-08,Ahmedabad,56,31,94
2021-06-16,Ahmedabad,89,63,73
2021-02-05,Hyderabad,70,23,46
2021-04-11,Delhi,48,20,60
2021-10-15,Mumbai,68,45,49
2020-11-10,Ahmedabad,58,72,96
2022-09-07,Chennai,75,50,19
2021-08-25,Pune,61,36,21
2022-05-08,Visakhapatnam,87,48,95
2021-08-13,Mumbai,62,37,30
2022-07-29,Pune,34,37,98
2021-06-07,Delhi,44,46,40
2021-03-24,Mumbai,79,42,34
2020-04-06,Chennai,51,31,89
2021-01-25,Visakhapatnam,31,30,52
2022-01-10,Delhi,92,21,37
2020-08-13,Pune,97,27,55
2022-05-27,Pune,31,76,51
2021-11-02,Mumbai,54,31,71
2021-09-08,Mumbai,84,33,16
2022-09-20,Hyderabad,89,53,67
2020-02-14,Visakhapatnam,47,42,11
2020-02-16,Surat,54,20,44
2021-08-13,Ahmedabad,90,26,74
2021-09-28,Ahmedabad,57,35,49
2021-12-29,Delhi,75,51,76
2022-03-14,Visakhapatnam,78,41,83
2021-03-17,Mumbai,32,70,74
2020-12-14,Chennai,34,67,53
2020-12-30,Pune,52,76,40
2022-06-05,Chennai,81,79,19
2021-07-30,Ahmedabad,87,73,17
2022-05-06,Mumbai,85,21,52
2022-02-04,Pune,95,21,72
2020-01-11,Pune,58,31,80
2021-09-10,Chennai,72,32,48
2022-03-28,Pune,84,30,12
2020-05-07,Surat,31,48,49
2022-05-04,Chennai,76,31,37
2022-04-29,Pune,58,41,44
2021-10-22,Hyderabad,31,47,71
2022-08-31,Ahmedabad,98,56,75
2021-12-08,Mumbai,32,68,31
2020-07-25,Chennai,35,35,39
2022-02-17,Mumbai,31,21,90
2020-11-07,Hyderabad,30,55,11
2020-06-25,Mumbai,81,36,31
2021-10-22,Visakhapatnam,88,44,89
2021-01-25,Chennai,79,32,41
2020-10-30,Delhi,67,28,93
2021-05-09,Mumbai,69,77,83
2020-09-08,Ahmedabad,64,29,15
2021-12-27,Surat,40,42,10
2022-01-07,Chennai,91,41,12
2021-12-31,Mumbai,79,79,67
2020-11-07,Visakhapatnam,49,31,21
2021-05-02,Pune,80,39,52
2020-11-09,Delhi,78,61,79
2022-06-21,Chennai,79,25,93
2020-05-04,Pune,42,41,20
2020-05-31,Visakhapatnam,42,77,89
2022-02-12,Pune,79,21,42
2021-10-09,Ahmedabad,74,41,90
2020-12-01,Hyderabad,58,41,54
2020-07-01,Delhi,55,34,92
2020-09-17,Hyderabad,48,49,62
2022-08-05,Mumbai,33,38,91
2021-02-10,Chennai,79,45,93
2020-01-30,Chennai,60,50,86
2021-07-12,Hyderabad,50,70,76
2022-09-14,Mumbai,65,60,88
2020-07-04,Hyderabad,54,42,70
2021-07-03,Ahmedabad,81,69,30
2020-12-29,Ahmedabad,35,52,12
2020-05-06,Delhi,68,72,98
2021-05-08,Pune,56,62,40
2021-04-28,Delhi,73,56,56
2021-03-03,Pune,77,39,66
2022-02-09,Surat,36,77,64
2022-03-17,Hyderabad,30,49,92
2021-05-23,Chennai,54,41,76
2020-01-19,Delhi,66,21,64
2022-05-24,Chennai,51,28,73
2021-02-10,Delhi,56,26,10
2021-02-20,Visakhapatnam,79,50,95
2022-09-01,Surat,56,58,46
2021-01-12,Chennai,40,39,64
2020-11-29,Ahmedabad,45,30,91
2020-09-20,Mumbai,94,60,88
2020-06-11,Delhi,94,38,38
2021-01-29,Pune,62,59,72
2021-11-12,Visakhapatnam,50,53,37
2022-05-27,Pune,85,25,89
2022-05-09,Hyderabad,75,72,63
2020-06-10,Hyderabad,46,70,85
2020-01-08,Visakhapatnam,84,56,58
2022-02-12,Mumbai,31,78,67
2021-05-07,Ahmedabad,56,55,87
2022-06-14,Surat,30,68,85
2022-01-28,Visakhapatnam,77,44,24
2021-04-22,Surat,51,78,56
2021-07-06,Hyderabad,58,62,57
2020-09-10,Mumbai,90,68,83
2022-09-02,Delhi,56,39,99
2021-11-14,Ahmedabad,99,67,56
2020-10-12,Delhi,49,35,16
2022-04-15,Ahmedabad,86,37,69
2021-09-03,Mumbai,51,74,23
2021-12-18,Delhi,89,65,38
2020-05-10,Ahmedabad,83,63,25
2021-10-01,Hyderabad,96,79,39
2020-11-05,Surat,99,21,93
2020-05-03,Surat,59,74,84
2020-05-20,Chennai,52,35,21
2021-11-19,Ahmedabad,45,66,51
2020-01-21,Visakhapatnam,98,49,30
2021-12-02,Hyderabad,58,28,49
2020-11-22,Chennai,57,59,35
2021-12-03,Surat,98,64,67
2020-12-03,Ahmedabad,42,44,56
2022-03-09,Ahmedabad,77,56,30
2021-11-08,Hyderabad,30,65,96
2021-06-10,Visakhapatnam,71,67,73
2021-10-03,Visakhapatnam,43,61,43
2022-08-08,Visakhapatnam,99,20,36
2020-04-14,Hyderabad,33,24,79
2021-09-04,Ahmedabad,75,58,64
2020-05-12,Visakhapatnam,34,79,67
2021-04-29,Ahmedabad,69,50,59
2022-09-03,Delhi,84,43,58
2020-07-18,Chennai,94,51,15
2022-02-11,Chennai,68,53,83
2021-02-03,Chennai,50,74,92
2020-11-12,Delhi,92,74,97
2020-06-01,Pune,74,37,80
2021-02-03,Hyderabad,62,54,68
2020-10-19,Chennai,75,33,10
2022-08-25,Delhi,36,75,59
2021-03-23,Pune,32,55,44
2020-01-06,Delhi,87,63,64
2020-02-23,Hyderabad,49,36,45
2021-08-28,Surat,99,59,13
2021-05-04,Chennai,65,67,61
2021-09-14,Mumbai,37,61,54
2022-08-04,Surat,92,55,60
2020-07-05,Mumbai,49,27,72
2020-07-26,Chennai,63,33,52
2021-09-12,Surat,32,78,20
2020-12-24,Delhi,43,51,49
2022-05-14,Pune,85,53,98
2020-02-26,Ahmedabad,83,50,79
2021-10-07,Visakhapatnam,57,72,31
2022-06-06,Hyderabad,99,58,17
2021-12-30,Pune,77,42,44
2020-02-25,Surat,53,47,28
2020-03-05,Hyderabad,70,46,45
2022-05-13,Chennai,70,55,33
2021-02-06,Mumbai,56,31,30
2022-05-23,Visakhapatnam,73,51,56
2020-10-22,Pune,72,45,16
2020-10-11,Mumbai,66,37,93
2020-05-21,Surat,94,58,54
2022-02-10,Visakhapatnam,30,35,92
2020-08-22,Hyderabad,82,64,80
2022-02-24,Chennai,50,56,63
2020-03-03,Pune,98,55,57
2022-04-08,Surat,68,75,99
2021-11-06,Pune,40,26,77
2020-05-21,Mumbai,82,40,73
2020-10-21,Hyderabad,83,61,41
2020-07-29,Mumbai,34,76,17
2022-09-01,Pune,82,59,57
2021-02-02,Pune,60,45,96
2021-04-12,Visakhapatnam,93,75,90
2020-12-13,Visakhapatnam,56,73,64
2020-05-31,Visakhapatnam,44,23,46
2022-09-02,Delhi,74,42,69
2022-08-24,Ahmedabad,83,75,83
2020-01-07,Ahmedabad,57,35,86
2022-07-11,Pune,60,28,87
2020-09-06,Pune,36,55,27
2021-08-06,Hyderabad,50,53,36
2020-01-24,Delhi,80,29,62
2022-03-29,Pune,43,25,77
2020-04-04,Chennai,61,44,66
2021-02-12,Mumbai,62,72,41
2022-05-06,Pune,39,48,15
2022-08-12,Chennai,44,67,31
2020-05-06,Visakhapatnam,62,35,44
2021-11-29,Pune,46,24,31
2021-05-22,Mumbai,52,24,51
2020-12-12,Ahmedabad,70,77,16
2021-09-07,Ahmedabad,55,65,24
2020-08-26,Delhi,31,59,99
2022-08-29,Ahmedabad,63,69,68
2022-03-26,Delhi,84,43,31
2020-09-17,Pune,64,39,40
2020-10-07,Chennai,91,43,79
2021-06-28,Visakhapatnam,95,48,93
2020-01-25,Mumbai,47,65,58
2021-02-28,Ahmedabad,63,22,62
2020-10-20,Visakhapatnam,71,57,74
2022-03-08,Mumbai,45,54,86
2022-09-20,Hyderabad,72,32,80
2022-06-13,Surat,54,64,69
2022-05-28,Hyderabad,72,69,27
2022-03-03,Surat,51,78,86
2020-01-21,Pune,34,67,24
2020-11-15,Ahmedabad,73,66,13
2021-04-28,Visakhapatnam,54,25,45
2022-09-24,Visakhapatnam,83,33,35
2020-03-19,Chennai,90,70,93
2022-07-11,Visakhapatnam,34,45,91
2021-10-01,Delhi,49,23,64
2021-07-17,Surat,95,21,56
2022-01-24,Ahmedabad,99,44,81
2020-09-07,Delhi,65,37,84
2022-04-25,Delhi,86,44,22
2022-07-14,Hyderabad,34,43,28
2021-10-05,Hyderabad,51,72,15
2020-04-26,Delhi,61,41,75
2022-03-08,Delhi,62,45,13
2020-05-21,Delhi,44,43,34
2021-06-08,Chennai,67,78,83
2021-01-06,Ahmedabad,84,40,93
2020-04-27,Surat,59,51,27
2022-06-05,Pune,82,39,40
2021-05-23,Hyderabad,49,25,80
2020-06-08,Hyderabad,84,56,65
2020-11-26,Hyderabad,72,22,12
2020-11-30,Surat,76,70,64
2022-09-05,Delhi,34,41,63
2021-08-05,Surat,64,62,83
2021-12-21,Delhi,87,65,21
2022-06-08,Ahmedabad,64,65,93
2020-01-28,Delhi,93,20,61
2020-12-03,Pune,83,72,44
2020-08-01,Pune,44,46,57
2021-10-25,Hyderabad,41,77,36
2021-01-08,Delhi,61,71,42
2022-05-16,Pune,41,34,55
2021-07-22,Pune,43,66,54
2022-02-01,Visakhapatnam,44,56,36
2020-10-30,Chennai,61,53,86
2020-09-10,Visakhapatnam,30,29,37
2022-02-17,Surat,62,52,79
2022-03-28,Surat,54,37,27
2022-07-15,Ahmedabad,33,22,25
2021-06-22,Visakhapatnam,56,20,23
2022-07-26,Mumbai,70,22,34
2020-02-26,Hyderabad,80,71,53
2020-10-07,Delhi,34,31,13
2020-12-14,Visakhapatnam,57,60,76
2022-01-09,Visakhapatnam,91,41,94
2020-10-11,Hyderabad,30,72,59
2022-09-03,Hyderabad,82,72,58
2020-04-23,Hyderabad,90,33,16
2022-02-17,Visakhapatnam,75,58,44
2021-04-17,Visakhapatnam,90,73,15
2022-02-23,Surat,35,35,86
2021-02-18,Pune,54,72,19
2021-02-06,Chennai,41,47,75
2022-08-04,Delhi,38,44,14
2020-05-04,Ahmedabad,92,47,65
2020-04-15,Pune,60,43,69
2022-07-01,Chennai,79,77,84
2020-06-12,Ahmedabad,54,26,96
2021-02-13,Hyderabad,50,27,31
2021-01-05,Surat,82,64,57
2021-11-08,Surat,81,34,13
2021-09-06,Chennai,58,56,27
2020-08-07,Hyderabad,76,37,66
2020-09-03,Visakhapatnam,68,66,51
2020-04-17,Delhi,46,52,80
2022-08-25,Delhi,53,22,91
2022-05-26,Chennai,74,51,40
2021-12-26,Ahmedabad,61,78,97
2022-07-17,Ahmedabad,35,67,10
2020-02-17,Mumbai,69,43,14
2021-03-05,Pune,78,78,93
2020-06-14,Chennai,31,51,57
2021-07-29,Pune,72,67,48
2020-08-21,Pune,68,66,54
2021-03-16,Delhi,50,67,82
2021-11-18,Pune,42,30,96
2021-03-06,Ahmedabad,40,26,98
2022-03-26,Visakhapatnam,94,55,81
2020-06-09,Mumbai,97,43,23
2021-01-09,Chennai,68,78,19
2020-08-12,Delhi,59,59,58
2021-01-05,Mumbai,92,26,18
2020-06-02,Hyderabad,52,31,93
2021-04-28,Ahmedabad,57,54,87
2022-08-02,Ahmedabad,88,24,29
2021-12-19,Hyderabad,62,54,47
2020-06-20,Ahmedabad,41,28,83
2020-01-27,Visakhapatnam,36,21,24
2020-11-18,Hyderabad,44,24,41
2021-04-13,Surat,36,29,32
2022-08-01,Delhi,95,36,29
2021-02-12,Delhi,44,71,95
2021-06-23,Surat,58,75,19
2021-05-03,Surat,47,37,40
2020-04-08,Mumbai,68,77,66
2020-03-17,Ahmedabad,87,49,15
2020-10-25,Ahmedabad,49,61,36
2020-09-17,Chennai,63,42,51
2022-06-25,Hyderabad,36,58,63
2022-01-07,Hyderabad,69,76,71
2022-01-06,Ahmedabad,54,58,65
2022-09-23,Mumbai,66,22,24
2022-07-04,Visakhapatnam,90,59,75
2022-07-18,Pune,96,39,24
2022-01-01,Pune,77,53,13
2021-12-03,Visakhapatnam,75,39,22
2021-08-06,Surat,33,60,30
2021-11-03,Delhi,87,43,52
2020-11-10,Delhi,37,48,25
2022-03-14,Pune,31,46,15
2021-07-07,Pune,53,74,79
2021-12-18,Surat,95,41,22
2022-03-19,Visakhapatnam,54,56,19
2020-08-28,Surat,78,21,57
2020-12-06,Chennai,83,73,83
2020-01-26,Chennai,86,61,23
2022-06-08,Surat,89,36,79
2022-01-28,Hyderabad,47,69,89
2022-07-12,Chennai,57,68,84
2020-01-16,Mumbai,57,75,18
2022-03-23,Surat,72,30,16
2022-06-23,Surat,82,32,24
2021-12-20,Pune,41,39,66
2021-03-05,Delhi,37,21,78
2021-12-04,Pune,94,38,37
2021-03-06,Ahmedabad,99,32,95
2021-07-26,Pune,42,55,35
2021-02-06,Ahmedabad,68,68,35
2021-04-13,Hyderabad,64,37,85
2020-07-04,Pune,60,33,53
2020-12-27,Chennai,68,31,53
2021-05-05,Surat,89,70,82
2020-11-26,Surat,41,29,44
2020-12-10,Hyderabad,70,62,34
2021-01-24,Delhi,37,68,84
2020-04-07,Visakhapatnam,88,32,38
2021-06-27,Hyderabad,59,27,48
2022-07-21,Surat,95,43,31
2021-05-28,Hyderabad,77,26,48
2021-12-28,Pune,89,41,44
2022-01-03,Chennai,54,42,54
2022-01-04,Surat,62,63,63
2021-11-15,Hyderabad,91,59,32
2020-01-25,Delhi,86,48,15
2020-11-02,Delhi,31,68,30
2022-08-25,Mumbai,45,39,54
2022-04-11,Pune,55,34,22
2022-01-05,Surat,47,21,87
2021-10-15,Mumbai,71,53,46
2021-09-07,Visakhapatnam,83,47,33
2021-06-05,Pune,89,67,13
2020-02-13,Visakhapatnam,90,27,44
2020-09-27,Pune,73,46,94
2022-02-13,Mumbai,94,35,12
2020-10-19,Delhi,55,34,70
2022-03-15,Ahmedabad,42,69,32
2021-12-07,Pune,72,50,27
2021-12-12,Ahmedabad,42,56,61
2020-07-15,Ahmedabad,47,55,20
2022-04-10,Mumbai,89,23,97
2020-09-01,Ahmedabad,57,53,54
2021-02-11,Mumbai,90,77,80
2020-03-16,Pune,97,23,11
2020-10-29,Pune,99,59,94
2020-07-14,Surat,60,40,68
2022-03-11,Chennai,73,58,49
2022-02-24,Visakhapatnam,73,75,89
2020-09-06,Hyderabad,54,62,21
2020-07-23,Delhi,41,73,76
2021-04-19,Ahmedabad,37,58,77
2020-08-29,Delhi,66,78,73
2020-08-23,Surat,43,76,85
2021-06-23,Surat,59,21,71
2020-04-30,Pune,36,26,89
2021-07-18,Delhi,74,57,17
2020-11-03,Pune,60,40,12
2020-07-14,Chennai,74,60,45
2021-08-06,Chennai,64,20,30
2020-05-30,Mumbai,61,29,34
2020-07-21,Delhi,36,27,37
2020-08-23,Ahmedabad,49,39,41
2021-03-26,Delhi,62,67,27
2021-10-15,Mumbai,99,22,29
2022-08-17,Pune,63,51,22
2021-03-30,Visakhapatnam,94,64,98
2021-12-19,Ahmedabad,46,48,89
2020-05-03,Delhi,34,76,36
2021-12-05,Mumbai,65,23,70
2022-05-02,Visakhapatnam,54,60,56
2020-05-12,Ahmedabad,87,68,16
2020-05-05,Mumbai,87,71,13
2021-04-25,Surat,95,21,48
2021-12-13,Ahmedabad,54,50,73
2020-11-06,Surat,45,32,31
2021-05-25,Pune,98,38,45
2021-11-04,Pune,47,79,98
2020-09-29,Surat,37,37,47
2020-06-26,Visakhapatnam,96,20,94
2022-01-18,Pune,72,23,77
2021-09-03,Chennai,78,47,68
2021-05-28,Delhi,96,22,47
2020-04-16,Hyderabad,86,36,93
2020-05-20,Pune,71,27,72
2020-10-26,Hyderabad,59,44,54
2022-01-03,Chennai,31,77,97
2021-05-02,Delhi,98,34,65
2020-04-01,Delhi,78,76,15
2020-10-09,Mumbai,68,31,35
2020-09-16,Ahmedabad,42,21,62
2020-08-20,Mumbai,65,69,62
2021-10-26,Delhi,70,36,93
2020-02-01,Hyderabad,86,60,63
2020-03-30,Chennai,80,59,96
2020-02-23,Mumbai,80,26,14
2022-07-30,Ahmedabad,58,41,28
2022-09-04,Chennai,38,75,52
2020-10-08,Mumbai,69,28,49
2021-08-17,Chennai,36,24,61
2020-04-28,Chennai,71,33,20
2022-07-22,Chennai,44,22,13
2022-08-06,Ahmedabad,64,53,27
2021-09-13,Visakhapatnam,71,57,30
2022-03-23,Surat,61,58,87
2020-08-23,Visakhapatnam,96,31,60
2022-05-19,Pune,43,73,50
2021-05-09,Pune,50,67,76
2021-10-10,Mumbai,89,71,46
2020-08-24,Delhi,40,72,85
2020-03-14,Hyderabad,69,78,40
2020-03-15,Pune,81,67,68
2021-06-30,Visakhapatnam,85,37,15
2020-08-26,Ahmedabad,60,35,79
2022-03-03,Pune,59,43,64
2022-09-07,Chennai,85,27,37
2021-04-02,Pune,59,73,63
2020-08-25,Mumbai,35,42,22
2022-01-19,Delhi,83,38,95
2020-05-10,Delhi,45,55,93
2021-01-02,Pune,58,67,27
2020-12-14,Mumbai,94,26,68
2020-08-27,Chennai,94,34,64
2020-07-29,Mumbai,38,62,46
2021-12-11,Ahmedabad,73,70,26
2021-01-08,Surat,38,73,64
2022-09-10,Delhi,31,73,47
2022-09-25,Surat,75,44,78
2022-05-03,Ahmedabad,86,75,36
2020-04-25,Mumbai,63,33,71
2020-02-14,Mumbai,58,20,82
2021-08-23,Hyderabad,79,42,34
2021-11-03,Surat,56,39,24
2020-06-28,Chennai,88,74,31
2020-09-07,Ahmedabad,72,38,40
2021-10-08,Hyderabad,86,31,71
2022-06-04,Pune,74,35,63
2021-08-13,Mumbai,59,74,12
2020-06-27,Mumbai,86,46,82
2022-06-27,Chennai,62,35,37
2021-09-25,Chennai,70,57,53
2022-05-01,Visakhapatnam,55,42,56
2022-04-18,Chennai,50,78,53
2020-09-10,Hyderabad,39,37,83
2020-10-17,Pune,59,41,15
2020-06-30,Mumbai,90,43,16
2020-04-11,Chennai,63,73,73
2021-11-01,Visakhapatnam,82,48,93
2021-05-08,Pune,39,37,91
2020-05-17,Mumbai,75,39,11
2020-07-03,Visakhapatnam,98,71,69
2022-09-24,Pune,94,72,35
2022-05-13,Mumbai,56,25,51
2020-10-09,Hyderabad,65,54,44
2021-04-14,Pune,83,37,79
2021-04-17,Pune,73,52,62
2022-04-24,Ahmedabad,66,64,10
2021-01-06,Delhi,62,25,67
2020-02-17,Chennai,92,32,93
2022-03-17,Visakhapatnam,68,34,31
2020-01-06,Hyderabad,90,65,91
2021-10-23,Surat,72,28,97
2022-01-14,Visakhapatnam,41,60,56
2021-01-16,Chennai,94,64,75
2020-05-23,Visakhapatnam,54,76,63
2020-11-21,Mumbai,34,26,34
2022-03-24,Surat,77,34,74
2022-06-19,Chennai,45,30,23
2022-08-20,Mumbai,51,22,14
2021-05-03,Mumbai,52,68,94
2022-06-17,Chennai,82,39,86
2021-11-28,Delhi,88,57,35
2021-07-28,Pune,77,55,20
2022-09-24,Ahmedabad,45,30,73
2022-02-12,Mumbai,69,48,70
2020-01-26,Delhi,75,74,42
2020-10-18,Surat,38,43,22
2021-01-18,Chennai,95,33,57
2021-08-22,Pune,59,30,51
2022-05-07,Pune,41,72,87
2022-04-21,Visakhapatnam,89,59,84
2021-02-09,Chennai,64,30,71
2021-11-19,Surat,65,60,41
2021-12-19,Pune,52,54,23
2020-09-02,Ahmedabad,73,28,51
2021-01-22,Surat,36,56,39
2020-09-08,Ahmedabad,89,60,76
2021-05-28,Visakhapatnam,96,27,81
2020-07-31,Delhi,36,44,75
2022-04-30,Surat,57,79,53
2021-11-03,Delhi,64,42,84
2020-09-01,Surat,70,66,93
2022-05-29,Visakhapatnam,43,72,22
2021-02-08,Mumbai,49,34,67
2021-05-10,Ahmedabad,50,59,91
2021-06-08,Surat,89,34,18
2022-03-12,Chennai,84,74,42
2020-03-23,Ahmedabad,72,39,28
2022-01-14,Surat,66,55,91
2020-06-27,Visakhapatnam,33,61,43
2022-02-04,Surat,44,70,62
2020-12-20,Surat,43,44,74
2022-09-11,Visakhapatnam,48,76,36
2022-06-10,Surat,89,47,94
2020-06-24,Hyderabad,45,70,16
2020-05-23,Hyderabad,36,72,91
2022-04-10,Mumbai,32,79,78
2020-08-31,Delhi,57,46,54
2021-05-06,Delhi,85,34,77
